"id","matchDate","Country","League","Season","homeTeam","awayTeam","referee","FTHG","FTAG","FTR"
"14540","25-05-25 17:00","England","Premier League","2024/2025","Bournemouth","Leicester","Lewis Smith","2","0","H"
"14541","25-05-25 17:00","England","Premier League","2024/2025","Fulham","Manchester City","Andy Madley","0","2","A"
"14542","25-05-25 17:00","England","Premier League","2024/2025","Ipswich","West Ham","Tim Robinson","1","3","A"
"14543","25-05-25 17:00","England","Premier League","2024/2025","Liverpool","Crystal Palace","Darren England","1","1","D"
"14544","25-05-25 17:00","England","Premier League","2024/2025","Manchester Utd","Aston Villa","Thomas Bramall","2","0","H"
"14545","25-05-25 17:00","England","Premier League","2024/2025","Newcastle","Everton","Tony Harrington","0","1","A"
"14546","25-05-25 17:00","England","Premier League","2024/2025","Nottingham","Chelsea","Anthony Taylor","0","1","A"
"14547","25-05-25 17:00","England","Premier League","2024/2025","Southampton","Arsenal","Darren Bond","1","2","A"
"14548","25-05-25 17:00","England","Premier League","2024/2025","Tottenham","Brighton","Robert Jones","1","4","A"
"14549","25-05-25 17:00","England","Premier League","2024/2025","Wolves","Brentford","Craig Pawson","1","1","D"
"14550","20-05-25 21:00","England","Premier League","2024/2025","Crystal Palace","Wolves","David Webb","4","2","H"
"14551","20-05-25 21:00","England","Premier League","2024/2025","Manchester City","Bournemouth","Thomas Bramall","3","1","H"
"14552","19-05-25 21:00","England","Premier League","2024/2025","Brighton","Liverpool","Andy Madley","3","2","H"
"14553","18-05-25 17:30","England","Premier League","2024/2025","Arsenal","Newcastle","Simon Hooper","1","0","H"
"14554","18-05-25 16:00","England","Premier League","2024/2025","Brentford","Fulham","Jarred Gillett","2","3","A"
"14555","18-05-25 16:00","England","Premier League","2024/2025","Leicester","Ipswich","Andrew Kitchen","2","0","H"
"14556","18-05-25 15:15","England","Premier League","2024/2025","West Ham","Nottingham","Samuel Barrott","1","2","A"
"14557","18-05-25 13:00","England","Premier League","2024/2025","Everton","Southampton","Michael Oliver","2","0","H"
"14558","16-05-25 21:15","England","Premier League","2024/2025","Chelsea","Manchester Utd","Chris Kavanagh","1","0","H"
"14559","16-05-25 20:30","England","Premier League","2024/2025","Aston Villa","Tottenham","Peter Bankes","2","0","H"
"14560","11-05-25 17:30","England","Premier League","2024/2025","Liverpool","Arsenal","Anthony Taylor","2","2","D"
"14561","11-05-25 15:15","England","Premier League","2024/2025","Manchester Utd","West Ham","Jarred Gillett","0","2","A"
"14562","11-05-25 15:15","England","Premier League","2024/2025","Nottingham","Leicester","Tony Harrington","2","2","D"
"14563","11-05-25 15:15","England","Premier League","2024/2025","Tottenham","Crystal Palace","Chris Kavanagh","0","2","A"
"14564","11-05-25 13:00","England","Premier League","2024/2025","Newcastle","Chelsea","John Brooks","2","0","H"
"14565","10-05-25 18:30","England","Premier League","2024/2025","Bournemouth","Aston Villa","Stuart Attwell","0","1","A"
"14566","10-05-25 16:00","England","Premier League","2024/2025","Fulham","Everton","Darren England","1","3","A"
"14567","10-05-25 16:00","England","Premier League","2024/2025","Ipswich","Brentford","Samuel Barrott","0","1","A"
"14568","10-05-25 16:00","England","Premier League","2024/2025","Southampton","Manchester City","Tim Robinson","0","0","D"
"14569","10-05-25 16:00","England","Premier League","2024/2025","Wolves","Brighton","Michael Oliver","0","2","A"
"14570","05-05-25 21:00","England","Premier League","2024/2025","Crystal Palace","Nottingham","Andy Madley","1","1","D"
"14571","04-05-25 17:30","England","Premier League","2024/2025","Chelsea","Liverpool","Simon Hooper","3","1","H"
"14572","04-05-25 15:00","England","Premier League","2024/2025","Brentford","Manchester Utd","Anthony Taylor","4","3","H"
"14573","04-05-25 15:00","England","Premier League","2024/2025","Brighton","Newcastle","Craig Pawson","1","1","D"
"14574","04-05-25 15:00","England","Premier League","2024/2025","West Ham","Tottenham","Michael Oliver","1","1","D"
"14575","03-05-25 18:30","England","Premier League","2024/2025","Arsenal","Bournemouth","Jarred Gillett","1","2","A"
"14576","03-05-25 16:00","England","Premier League","2024/2025","Everton","Ipswich","Lewis Smith","2","2","D"
"14577","03-05-25 16:00","England","Premier League","2024/2025","Leicester","Southampton","David Webb","2","0","H"
"14578","03-05-25 13:30","England","Premier League","2024/2025","Aston Villa","Fulham","Robert Jones","1","0","H"
"26896","02-05-25 21:00","England","Premier League","2024/2025","Manchester City","Wolves","Peter Bankes","1","0","H"
"14580","01-05-25 20:30","England","Premier League","2024/2025","Nottingham","Brentford","Darren England","0","2","A"
"14581","27-04-25 17:30","England","Premier League","2024/2025","Liverpool","Tottenham","Thomas Bramall","5","1","H"
"14582","27-04-25 15:00","England","Premier League","2024/2025","Bournemouth","Manchester Utd","Peter Bankes","1","1","D"
"14583","26-04-25 16:00","England","Premier League","2024/2025","Brighton","West Ham","Darren England","3","2","H"
"14584","26-04-25 16:00","England","Premier League","2024/2025","Newcastle","Ipswich","Michael Salisbury","3","0","H"
"14585","26-04-25 16:00","England","Premier League","2024/2025","Southampton","Fulham","Tony Harrington","1","2","A"
"14586","26-04-25 16:00","England","Premier League","2024/2025","Wolves","Leicester","Samuel Barrott","3","0","H"
"14587","26-04-25 13:30","England","Premier League","2024/2025","Chelsea","Everton","Chris Kavanagh","1","0","H"
"14588","23-04-25 21:00","England","Premier League","2024/2025","Arsenal","Crystal Palace","Michael Salisbury","2","2","D"
"14589","22-04-25 21:00","England","Premier League","2024/2025","Manchester City","Aston Villa","Craig Pawson","2","1","H"
"14590","21-04-25 21:00","England","Premier League","2024/2025","Tottenham","Nottingham","Peter Bankes","1","2","A"
"14591","20-04-25 17:30","England","Premier League","2024/2025","Leicester","Liverpool","Stuart Attwell","0","1","A"
"14592","20-04-25 15:00","England","Premier League","2024/2025","Fulham","Chelsea","Anthony Taylor","1","2","A"
"14593","20-04-25 15:00","England","Premier League","2024/2025","Ipswich","Arsenal","Chris Kavanagh","0","4","A"
"14594","20-04-25 15:00","England","Premier League","2024/2025","Manchester Utd","Wolves","Robert Jones","0","1","A"
"14595","19-04-25 18:30","England","Premier League","2024/2025","Aston Villa","Newcastle","Jarred Gillett","4","1","H"
"14596","19-04-25 16:00","England","Premier League","2024/2025","Brentford","Brighton","Tim Robinson","4","2","H"
"14597","19-04-25 16:00","England","Premier League","2024/2025","Crystal Palace","Bournemouth","Samuel Barrott","0","0","D"
"14598","19-04-25 16:00","England","Premier League","2024/2025","Everton","Manchester City","Simon Hooper","0","2","A"
"14599","19-04-25 16:00","England","Premier League","2024/2025","West Ham","Southampton","Andrew Kitchen","1","1","D"
"14600","16-04-25 20:30","England","Premier League","2024/2025","Newcastle","Crystal Palace","Darren England","5","0","H"
"14601","14-04-25 21:00","England","Premier League","2024/2025","Bournemouth","Fulham","Michael Oliver","1","0","H"
"14602","13-04-25 17:30","England","Premier League","2024/2025","Newcastle","Manchester Utd","Chris Kavanagh","4","1","H"
"14603","13-04-25 15:00","England","Premier League","2024/2025","Chelsea","Ipswich","Stuart Attwell","2","2","D"
"14604","13-04-25 15:00","England","Premier League","2024/2025","Liverpool","West Ham","Andy Madley","2","1","H"
"14605","13-04-25 15:00","England","Premier League","2024/2025","Wolves","Tottenham","Anthony Taylor","4","2","H"
"14606","12-04-25 18:30","England","Premier League","2024/2025","Arsenal","Brentford","Simon Hooper","1","1","D"
"14607","12-04-25 16:00","England","Premier League","2024/2025","Brighton","Leicester","Darren Bond","2","2","D"
"14608","12-04-25 16:00","England","Premier League","2024/2025","Nottingham","Everton","Craig Pawson","0","1","A"
"14609","12-04-25 16:00","England","Premier League","2024/2025","Southampton","Aston Villa","Thomas Bramall","0","3","A"
"14610","12-04-25 13:30","England","Premier League","2024/2025","Manchester City","Crystal Palace","Jarred Gillett","5","2","H"
"14611","07-04-25 21:00","England","Premier League","2024/2025","Leicester","Newcastle","Robert Jones","0","3","A"
"14612","06-04-25 17:30","England","Premier League","2024/2025","Manchester Utd","Manchester City","John Brooks","0","0","D"
"14613","06-04-25 15:00","England","Premier League","2024/2025","Brentford","Chelsea","Michael Oliver","0","0","D"
"14614","06-04-25 15:00","England","Premier League","2024/2025","Fulham","Liverpool","Chris Kavanagh","3","2","H"
"14615","06-04-25 15:00","England","Premier League","2024/2025","Tottenham","Southampton","Michael Salisbury","3","1","H"
"14616","05-04-25 18:30","England","Premier League","2024/2025","Aston Villa","Nottingham","Simon Hooper","2","1","H"
"14617","05-04-25 16:00","England","Premier League","2024/2025","Crystal Palace","Brighton","Anthony Taylor","2","1","H"
"14618","05-04-25 16:00","England","Premier League","2024/2025","Ipswich","Wolves","Peter Bankes","1","2","A"
"14619","05-04-25 16:00","England","Premier League","2024/2025","West Ham","Bournemouth","Tim Robinson","2","2","D"
"14620","05-04-25 13:30","England","Premier League","2024/2025","Everton","Arsenal","Darren England","1","1","D"
"14621","03-04-25 21:00","England","Premier League","2024/2025","Chelsea","Tottenham","Craig Pawson","1","0","H"
"14622","02-04-25 21:00","England","Premier League","2024/2025","Liverpool","Everton","Samuel Barrott","1","0","H"
"14623","02-04-25 20:45","England","Premier League","2024/2025","Bournemouth","Ipswich","Robert Jones","1","2","A"
"14624","02-04-25 20:45","England","Premier League","2024/2025","Brighton","Aston Villa","Stuart Attwell","0","3","A"
"14625","02-04-25 20:45","England","Premier League","2024/2025","Manchester City","Leicester","Darren England","2","0","H"
"14626","02-04-25 20:45","England","Premier League","2024/2025","Newcastle","Brentford","Peter Bankes","2","1","H"
"14627","02-04-25 20:45","England","Premier League","2024/2025","Southampton","Crystal Palace","Andy Madley","1","1","D"
"14628","01-04-25 21:00","England","Premier League","2024/2025","Nottingham","Manchester Utd","Jarred Gillett","1","0","H"
"14629","01-04-25 20:45","England","Premier League","2024/2025","Arsenal","Fulham","John Brooks","2","1","H"
"14630","01-04-25 20:45","England","Premier League","2024/2025","Wolves","West Ham","Tony Harrington","1","0","H"
"14631","16-03-25 20:00","England","Premier League","2024/2025","Leicester","Manchester Utd","Thomas Bramall","0","3","A"
"14632","16-03-25 14:30","England","Premier League","2024/2025","Arsenal","Chelsea","Chris Kavanagh","1","0","H"
"14633","16-03-25 14:30","England","Premier League","2024/2025","Fulham","Tottenham","Andy Madley","2","0","H"
"14634","15-03-25 18:30","England","Premier League","2024/2025","Bournemouth","Brentford","Craig Pawson","1","2","A"
"14635","15-03-25 16:00","England","Premier League","2024/2025","Everton","West Ham","Darren Bond","1","1","D"
"14636","15-03-25 16:00","England","Premier League","2024/2025","Ipswich","Nottingham","Michael Salisbury","2","4","A"
"14637","15-03-25 16:00","England","Premier League","2024/2025","Manchester City","Brighton","Simon Hooper","2","2","D"
"14638","15-03-25 16:00","England","Premier League","2024/2025","Southampton","Wolves","Robert Jones","1","2","A"
"14639","10-03-25 21:00","England","Premier League","2024/2025","West Ham","Newcastle","Michael Salisbury","0","1","A"
"14640","09-03-25 17:30","England","Premier League","2024/2025","Manchester Utd","Arsenal","Anthony Taylor","1","1","D"
"14641","09-03-25 15:00","England","Premier League","2024/2025","Chelsea","Leicester","Tim Robinson","1","0","H"
"14642","09-03-25 15:00","England","Premier League","2024/2025","Tottenham","Bournemouth","John Brooks","2","2","D"
"14643","08-03-25 21:00","England","Premier League","2024/2025","Wolves","Everton","Stuart Attwell","1","1","D"
"14644","08-03-25 18:30","England","Premier League","2024/2025","Brentford","Aston Villa","Jarred Gillett","0","1","A"
"14645","08-03-25 16:00","England","Premier League","2024/2025","Brighton","Fulham","Samuel Barrott","2","1","H"
"14646","08-03-25 16:00","England","Premier League","2024/2025","Crystal Palace","Ipswich","Simon Hooper","1","0","H"
"14647","08-03-25 16:00","England","Premier League","2024/2025","Liverpool","Southampton","Lewis Smith","3","1","H"
"14648","08-03-25 13:30","England","Premier League","2024/2025","Nottingham","Manchester City","Chris Kavanagh","1","0","H"
"14649","27-02-25 21:00","England","Premier League","2024/2025","West Ham","Leicester","Anthony Taylor","2","0","H"
"14650","26-02-25 21:15","England","Premier League","2024/2025","Liverpool","Newcastle","Stuart Attwell","2","0","H"
"14651","26-02-25 20:30","England","Premier League","2024/2025","Brentford","Everton","Simon Hooper","1","1","D"
"14652","26-02-25 20:30","England","Premier League","2024/2025","Manchester Utd","Ipswich","Darren England","3","2","H"
"14653","26-02-25 20:30","England","Premier League","2024/2025","Nottingham","Arsenal","Andy Madley","0","0","D"
"14654","26-02-25 20:30","England","Premier League","2024/2025","Tottenham","Manchester City","Jarred Gillett","0","1","A"
"14655","25-02-25 21:15","England","Premier League","2024/2025","Chelsea","Southampton","Thomas Bramall","4","0","H"
"14656","25-02-25 20:30","England","Premier League","2024/2025","Brighton","Bournemouth","Michael Oliver","2","1","H"
"14657","25-02-25 20:30","England","Premier League","2024/2025","Crystal Palace","Aston Villa","Samuel Barrott","4","1","H"
"14658","25-02-25 20:30","England","Premier League","2024/2025","Wolves","Fulham","Peter Bankes","1","2","A"
"14659","23-02-25 17:30","England","Premier League","2024/2025","Manchester City","Liverpool","Anthony Taylor","0","2","A"
"14660","23-02-25 15:00","England","Premier League","2024/2025","Newcastle","Nottingham","Jarred Gillett","4","3","H"
"14661","22-02-25 18:30","England","Premier League","2024/2025","Aston Villa","Chelsea","Michael Oliver","2","1","H"
"14662","22-02-25 16:00","England","Premier League","2024/2025","Arsenal","West Ham","Craig Pawson","0","1","A"
"14663","22-02-25 16:00","England","Premier League","2024/2025","Bournemouth","Wolves","Michael Salisbury","0","1","A"
"14664","22-02-25 16:00","England","Premier League","2024/2025","Fulham","Crystal Palace","Robert Jones","0","2","A"
"14665","22-02-25 16:00","England","Premier League","2024/2025","Ipswich","Tottenham","Tim Robinson","1","4","A"
"14666","22-02-25 16:00","England","Premier League","2024/2025","Southampton","Brighton","Darren Bond","0","4","A"
"14667","22-02-25 13:30","England","Premier League","2024/2025","Everton","Manchester Utd","Andy Madley","2","2","D"
"14668","21-02-25 21:00","England","Premier League","2024/2025","Leicester","Brentford","Tony Harrington","0","4","A"
"14669","19-02-25 20:30","England","Premier League","2024/2025","Aston Villa","Liverpool","Craig Pawson","2","2","D"
"14670","16-02-25 17:30","England","Premier League","2024/2025","Tottenham","Manchester Utd","Peter Bankes","1","0","H"
"14671","16-02-25 15:00","England","Premier League","2024/2025","Liverpool","Wolves","Simon Hooper","2","1","H"
"14672","15-02-25 18:30","England","Premier League","2024/2025","Crystal Palace","Everton","Anthony Taylor","1","2","A"
"14673","15-02-25 16:00","England","Premier League","2024/2025","Aston Villa","Ipswich","Robert Jones","1","1","D"
"14674","15-02-25 16:00","England","Premier League","2024/2025","Fulham","Nottingham","Thomas Bramall","2","1","H"
"14675","15-02-25 16:00","England","Premier League","2024/2025","Manchester City","Newcastle","Andy Madley","4","0","H"
"14676","15-02-25 16:00","England","Premier League","2024/2025","Southampton","Bournemouth","Jarred Gillett","1","3","A"
"14677","15-02-25 16:00","England","Premier League","2024/2025","West Ham","Brentford","Darren England","0","1","A"
"14678","15-02-25 13:30","England","Premier League","2024/2025","Leicester","Arsenal","Samuel Barrott","0","2","A"
"14679","14-02-25 21:00","England","Premier League","2024/2025","Brighton","Chelsea","Chris Kavanagh","3","0","H"
"14680","12-02-25 20:30","England","Premier League","2024/2025","Everton","Liverpool","Michael Oliver","2","2","D"
"14681","03-02-25 21:00","England","Premier League","2024/2025","Chelsea","West Ham","Stuart Attwell","2","1","H"
"14682","02-02-25 17:30","England","Premier League","2024/2025","Arsenal","Manchester City","Peter Bankes","5","1","H"
"14683","02-02-25 15:00","England","Premier League","2024/2025","Brentford","Tottenham","Jarred Gillett","0","2","A"
"14684","02-02-25 15:00","England","Premier League","2024/2025","Manchester Utd","Crystal Palace","John Brooks","0","2","A"
"14685","01-02-25 18:30","England","Premier League","2024/2025","Wolves","Aston Villa","Andy Madley","2","0","H"
"14686","01-02-25 16:00","England","Premier League","2024/2025","Bournemouth","Liverpool","Darren England","0","2","A"
"14687","01-02-25 16:00","England","Premier League","2024/2025","Everton","Leicester","Darren Bond","4","0","H"
"14688","01-02-25 16:00","England","Premier League","2024/2025","Ipswich","Southampton","Michael Oliver","1","2","A"
"14689","01-02-25 16:00","England","Premier League","2024/2025","Newcastle","Fulham","Chris Kavanagh","1","2","A"
"14690","01-02-25 13:30","England","Premier League","2024/2025","Nottingham","Brighton","Simon Hooper","7","0","H"
"14691","26-01-25 20:00","England","Premier League","2024/2025","Fulham","Manchester Utd","Anthony Taylor","0","1","A"
"14692","26-01-25 17:30","England","Premier League","2024/2025","Aston Villa","West Ham","Peter Bankes","1","1","D"
"14693","26-01-25 15:00","England","Premier League","2024/2025","Crystal Palace","Brentford","Tony Harrington","1","2","A"
"14694","26-01-25 15:00","England","Premier League","2024/2025","Tottenham","Leicester","Robert Jones","1","2","A"
"14695","25-01-25 18:30","England","Premier League","2024/2025","Manchester City","Chelsea","John Brooks","3","1","H"
"14696","25-01-25 16:00","England","Premier League","2024/2025","Bournemouth","Nottingham","Craig Pawson","5","0","H"
"14697","25-01-25 16:00","England","Premier League","2024/2025","Brighton","Everton","Tim Robinson","0","1","A"
"14698","25-01-25 16:00","England","Premier League","2024/2025","Liverpool","Ipswich","Michael Salisbury","4","1","H"
"14699","25-01-25 16:00","England","Premier League","2024/2025","Southampton","Newcastle","Samuel Barrott","1","3","A"
"14700","25-01-25 16:00","England","Premier League","2024/2025","Wolves","Arsenal","Michael Oliver","0","1","A"
"14701","20-01-25 21:00","England","Premier League","2024/2025","Chelsea","Wolves","Simon Hooper","3","1","H"
"14702","19-01-25 17:30","England","Premier League","2024/2025","Ipswich","Manchester City","Samuel Barrott","0","6","A"
"14703","19-01-25 15:00","England","Premier League","2024/2025","Everton","Tottenham","Darren England","3","2","H"
"14704","19-01-25 15:00","England","Premier League","2024/2025","Manchester Utd","Brighton","Peter Bankes","1","3","A"
"14705","19-01-25 15:00","England","Premier League","2024/2025","Nottingham","Southampton","Anthony Taylor","3","2","H"
"14706","18-01-25 18:30","England","Premier League","2024/2025","Arsenal","Aston Villa","Chris Kavanagh","2","2","D"
"14707","18-01-25 16:00","England","Premier League","2024/2025","Brentford","Liverpool","Andy Madley","0","2","A"
"14708","18-01-25 16:00","England","Premier League","2024/2025","Leicester","Fulham","Michael Salisbury","0","2","A"
"14709","18-01-25 16:00","England","Premier League","2024/2025","West Ham","Crystal Palace","Thomas Bramall","0","2","A"
"14710","18-01-25 13:30","England","Premier League","2024/2025","Newcastle","Bournemouth","Stuart Attwell","1","4","A"
"14711","16-01-25 21:00","England","Premier League","2024/2025","Manchester Utd","Southampton","John Brooks","3","1","H"
"14712","16-01-25 20:30","England","Premier League","2024/2025","Ipswich","Brighton","Tony Harrington","0","2","A"
"14713","15-01-25 21:00","England","Premier League","2024/2025","Arsenal","Tottenham","Simon Hooper","2","1","H"
"14714","15-01-25 20:30","England","Premier League","2024/2025","Everton","Aston Villa","Samuel Barrott","0","1","A"
"14715","15-01-25 20:30","England","Premier League","2024/2025","Leicester","Crystal Palace","Andy Madley","0","2","A"
"14716","15-01-25 20:30","England","Premier League","2024/2025","Newcastle","Wolves","Darren England","3","0","H"
"14717","14-01-25 21:00","England","Premier League","2024/2025","Nottingham","Liverpool","Chris Kavanagh","1","1","D"
"14718","14-01-25 20:30","England","Premier League","2024/2025","Brentford","Manchester City","Anthony Taylor","2","2","D"
"14719","14-01-25 20:30","England","Premier League","2024/2025","Chelsea","Bournemouth","Robert Jones","2","2","D"
"14720","14-01-25 20:30","England","Premier League","2024/2025","West Ham","Fulham","Craig Pawson","3","2","H"
"14721","06-01-25 21:00","England","Premier League","2024/2025","Wolves","Nottingham","Peter Bankes","0","3","A"
"14722","05-01-25 17:30","England","Premier League","2024/2025","Liverpool","Manchester Utd","Michael Oliver","2","2","D"
"14723","05-01-25 15:00","England","Premier League","2024/2025","Fulham","Ipswich","Darren Bond","2","2","D"
"14724","04-01-25 18:30","England","Premier League","2024/2025","Brighton","Arsenal","Anthony Taylor","1","1","D"
"14725","04-01-25 16:00","England","Premier League","2024/2025","Aston Villa","Leicester","Jarred Gillett","2","1","H"
"14726","04-01-25 16:00","England","Premier League","2024/2025","Bournemouth","Everton","John Brooks","1","0","H"
"14727","04-01-25 16:00","England","Premier League","2024/2025","Crystal Palace","Chelsea","Tim Robinson","1","1","D"
"14728","04-01-25 16:00","England","Premier League","2024/2025","Manchester City","West Ham","Michael Salisbury","4","1","H"
"14729","04-01-25 16:00","England","Premier League","2024/2025","Southampton","Brentford","Stuart Attwell","0","5","A"
"14730","04-01-25 13:30","England","Premier League","2024/2025","Tottenham","Newcastle","Andy Madley","1","2","A"
"14731","01-01-25 18:30","England","Premier League","2024/2025","Brentford","Arsenal","Peter Bankes","1","3","A"
"14732","30-12-24 21:00","England","Premier League","2024/2025","Manchester Utd","Newcastle","Simon Hooper","0","2","A"
"14733","30-12-24 20:45","England","Premier League","2024/2025","Aston Villa","Brighton","Craig Pawson","2","2","D"
"14734","30-12-24 20:45","England","Premier League","2024/2025","Ipswich","Chelsea","John Brooks","2","0","H"
"14735","29-12-24 18:15","England","Premier League","2024/2025","West Ham","Liverpool","Anthony Taylor","0","5","A"
"14736","29-12-24 16:00","England","Premier League","2024/2025","Crystal Palace","Southampton","Michael Salisbury","2","1","H"
"14737","29-12-24 16:00","England","Premier League","2024/2025","Everton","Nottingham","Tony Harrington","0","2","A"
"14738","29-12-24 16:00","England","Premier League","2024/2025","Fulham","Bournemouth","Robert Jones","2","2","D"
"14739","29-12-24 16:00","England","Premier League","2024/2025","Tottenham","Wolves","Chris Kavanagh","2","2","D"
"14740","29-12-24 15:30","England","Premier League","2024/2025","Leicester","Manchester City","Michael Oliver","0","2","A"
"14741","27-12-24 21:15","England","Premier League","2024/2025","Arsenal","Ipswich","Darren England","1","0","H"
"14742","27-12-24 20:30","England","Premier League","2024/2025","Brighton","Brentford","Andy Madley","0","0","D"
"14743","26-12-24 21:00","England","Premier League","2024/2025","Liverpool","Leicester","Darren Bond","3","1","H"
"14744","26-12-24 18:30","England","Premier League","2024/2025","Wolves","Manchester Utd","Tony Harrington","2","0","H"
"14745","26-12-24 16:00","England","Premier League","2024/2025","Bournemouth","Crystal Palace","Thomas Bramall","0","0","D"
"14746","26-12-24 16:00","England","Premier League","2024/2025","Chelsea","Fulham","Samuel Barrott","1","2","A"
"14747","26-12-24 16:00","England","Premier League","2024/2025","Newcastle","Aston Villa","Anthony Taylor","3","0","H"
"14748","26-12-24 16:00","England","Premier League","2024/2025","Nottingham","Tottenham","Craig Pawson","1","0","H"
"14749","26-12-24 16:00","England","Premier League","2024/2025","Southampton","West Ham","Lewis Smith","0","1","A"
"14750","26-12-24 13:30","England","Premier League","2024/2025","Manchester City","Everton","Simon Hooper","1","1","D"
"14751","22-12-24 17:30","England","Premier League","2024/2025","Tottenham","Liverpool","Samuel Barrott","3","6","A"
"14752","22-12-24 15:00","England","Premier League","2024/2025","Everton","Chelsea","Chris Kavanagh","0","0","D"
"14753","22-12-24 15:00","England","Premier League","2024/2025","Fulham","Southampton","Tim Robinson","0","0","D"
"14754","22-12-24 15:00","England","Premier League","2024/2025","Leicester","Wolves","Anthony Taylor","0","3","A"
"14755","22-12-24 15:00","England","Premier League","2024/2025","Manchester Utd","Bournemouth","Craig Pawson","0","3","A"
"14756","21-12-24 18:30","England","Premier League","2024/2025","Crystal Palace","Arsenal","Simon Hooper","1","5","A"
"14757","21-12-24 16:00","England","Premier League","2024/2025","Brentford","Nottingham","Michael Oliver","0","2","A"
"14758","21-12-24 16:00","England","Premier League","2024/2025","Ipswich","Newcastle","Stuart Attwell","0","4","A"
"14759","21-12-24 16:00","England","Premier League","2024/2025","West Ham","Brighton","Robert Jones","1","1","D"
"14760","21-12-24 13:30","England","Premier League","2024/2025","Aston Villa","Manchester City","Peter Bankes","2","1","H"
"14761","16-12-24 21:00","England","Premier League","2024/2025","Bournemouth","West Ham","Chris Kavanagh","1","1","D"
"14762","15-12-24 20:00","England","Premier League","2024/2025","Chelsea","Brentford","Peter Bankes","2","1","H"
"14763","15-12-24 20:00","England","Premier League","2024/2025","Southampton","Tottenham","Darren England","0","5","A"
"14764","15-12-24 17:30","England","Premier League","2024/2025","Manchester City","Manchester Utd","Anthony Taylor","1","2","A"
"14765","15-12-24 15:00","England","Premier League","2024/2025","Brighton","Crystal Palace","Michael Oliver","1","3","A"
"14766","14-12-24 18:30","England","Premier League","2024/2025","Nottingham","Aston Villa","Samuel Barrott","2","1","H"
"14767","14-12-24 16:00","England","Premier League","2024/2025","Arsenal","Everton","Craig Pawson","0","0","D"
"14768","14-12-24 16:00","England","Premier League","2024/2025","Liverpool","Fulham","Tony Harrington","2","2","D"
"14769","14-12-24 16:00","England","Premier League","2024/2025","Newcastle","Leicester","Thomas Bramall","4","0","H"
"14770","14-12-24 16:00","England","Premier League","2024/2025","Wolves","Ipswich","Simon Hooper","1","2","A"
"14771","09-12-24 21:00","England","Premier League","2024/2025","West Ham","Wolves","John Brooks","2","1","H"
"14772","08-12-24 17:30","England","Premier League","2024/2025","Tottenham","Chelsea","Anthony Taylor","3","4","A"
"14773","08-12-24 15:00","England","Premier League","2024/2025","Fulham","Arsenal","Chris Kavanagh","1","1","D"
"14774","08-12-24 15:00","England","Premier League","2024/2025","Ipswich","Bournemouth","Michael Salisbury","1","2","A"
"14775","08-12-24 15:00","England","Premier League","2024/2025","Leicester","Brighton","Stuart Attwell","2","2","D"
"14776","07-12-24 18:30","England","Premier League","2024/2025","Manchester Utd","Nottingham","Darren England","2","3","A"
"14777","07-12-24 16:00","England","Premier League","2024/2025","Aston Villa","Southampton","Darren Bond","1","0","H"
"14778","07-12-24 16:00","England","Premier League","2024/2025","Brentford","Newcastle","Simon Hooper","4","2","H"
"14779","07-12-24 16:00","England","Premier League","2024/2025","Crystal Palace","Manchester City","Robert Jones","2","2","D"
"14780","05-12-24 21:15","England","Premier League","2024/2025","Bournemouth","Tottenham","Simon Hooper","1","0","H"
"14781","05-12-24 20:30","England","Premier League","2024/2025","Fulham","Brighton","Peter Bankes","3","1","H"
"14782","04-12-24 21:15","England","Premier League","2024/2025","Arsenal","Manchester Utd","Samuel Barrott","2","0","H"
"14783","04-12-24 21:15","England","Premier League","2024/2025","Aston Villa","Brentford","Lewis Smith","3","1","H"
"14784","04-12-24 20:30","England","Premier League","2024/2025","Everton","Wolves","Michael Salisbury","4","0","H"
"14785","04-12-24 20:30","England","Premier League","2024/2025","Manchester City","Nottingham","Michael Oliver","3","0","H"
"14786","04-12-24 20:30","England","Premier League","2024/2025","Newcastle","Liverpool","Andy Madley","3","3","D"
"14787","04-12-24 20:30","England","Premier League","2024/2025","Southampton","Chelsea","Tony Harrington","1","5","A"
"14788","03-12-24 21:15","England","Premier League","2024/2025","Leicester","West Ham","Josh Smith","3","1","H"
"14789","03-12-24 20:30","England","Premier League","2024/2025","Ipswich","Crystal Palace","Craig Pawson","0","1","A"
"14790","01-12-24 17:00","England","Premier League","2024/2025","Liverpool","Manchester City","Chris Kavanagh","2","0","H"
"14791","01-12-24 14:30","England","Premier League","2024/2025","Chelsea","Aston Villa","Stuart Attwell","3","0","H"
"14792","01-12-24 14:30","England","Premier League","2024/2025","Manchester Utd","Everton","John Brooks","4","0","H"
"14793","01-12-24 14:30","England","Premier League","2024/2025","Tottenham","Fulham","Darren Bond","1","1","D"
"14794","30-11-24 18:30","England","Premier League","2024/2025","West Ham","Arsenal","Anthony Taylor","2","5","A"
"14795","30-11-24 16:00","England","Premier League","2024/2025","Brentford","Leicester","Michael Oliver","4","1","H"
"14796","30-11-24 16:00","England","Premier League","2024/2025","Crystal Palace","Newcastle","Darren England","1","1","D"
"14797","30-11-24 16:00","England","Premier League","2024/2025","Nottingham","Ipswich","Tony Harrington","1","0","H"
"14798","30-11-24 16:00","England","Premier League","2024/2025","Wolves","Bournemouth","Peter Bankes","2","4","A"
"14799","29-11-24 21:00","England","Premier League","2024/2025","Brighton","Southampton","Robert Jones","1","1","D"
"14800","25-11-24 21:00","England","Premier League","2024/2025","Newcastle","West Ham","Craig Pawson","0","2","A"
"14801","24-11-24 17:30","England","Premier League","2024/2025","Ipswich","Manchester Utd","Anthony Taylor","1","1","D"
"14802","24-11-24 15:00","England","Premier League","2024/2025","Southampton","Liverpool","Samuel Barrott","2","3","A"
"14803","23-11-24 18:30","England","Premier League","2024/2025","Manchester City","Tottenham","John Brooks","0","4","A"
"14804","23-11-24 16:00","England","Premier League","2024/2025","Arsenal","Nottingham","Simon Hooper","3","0","H"
"14805","23-11-24 16:00","England","Premier League","2024/2025","Aston Villa","Crystal Palace","Tim Robinson","2","2","D"
"14806","23-11-24 16:00","England","Premier League","2024/2025","Bournemouth","Brighton","Stuart Attwell","1","2","A"
"14807","23-11-24 16:00","England","Premier League","2024/2025","Everton","Brentford","Chris Kavanagh","0","0","D"
"14808","23-11-24 16:00","England","Premier League","2024/2025","Fulham","Wolves","Robert Jones","1","4","A"
"14809","23-11-24 13:30","England","Premier League","2024/2025","Leicester","Chelsea","Andy Madley","1","2","A"
"14810","10-11-24 17:30","England","Premier League","2024/2025","Chelsea","Arsenal","Michael Oliver","1","1","D"
"14811","10-11-24 15:00","England","Premier League","2024/2025","Manchester Utd","Leicester","Peter Bankes","3","0","H"
"14812","10-11-24 15:00","England","Premier League","2024/2025","Nottingham","Newcastle","Anthony Taylor","1","3","A"
"14813","10-11-24 15:00","England","Premier League","2024/2025","Tottenham","Ipswich","Darren England","1","2","A"
"14814","09-11-24 21:00","England","Premier League","2024/2025","Liverpool","Aston Villa","David Coote","2","0","H"
"14815","09-11-24 18:30","England","Premier League","2024/2025","Brighton","Manchester City","Samuel Barrott","2","1","H"
"14816","09-11-24 16:00","England","Premier League","2024/2025","Brentford","Bournemouth","Darren Bond","3","2","H"
"14817","09-11-24 16:00","England","Premier League","2024/2025","Crystal Palace","Fulham","Michael Salisbury","0","2","A"
"14818","09-11-24 16:00","England","Premier League","2024/2025","West Ham","Everton","Stuart Attwell","0","0","D"
"14819","09-11-24 16:00","England","Premier League","2024/2025","Wolves","Southampton","Thomas Bramall","2","0","H"
"14820","04-11-24 21:00","England","Premier League","2024/2025","Fulham","Brentford","Stuart Attwell","2","1","H"
"14821","03-11-24 17:30","England","Premier League","2024/2025","Manchester Utd","Chelsea","Robert Jones","1","1","D"
"14822","03-11-24 15:00","England","Premier League","2024/2025","Tottenham","Aston Villa","Craig Pawson","4","1","H"
"14823","02-11-24 18:30","England","Premier League","2024/2025","Wolves","Crystal Palace","Anthony Taylor","2","2","D"
"14824","02-11-24 16:00","England","Premier League","2024/2025","Bournemouth","Manchester City","Michael Oliver","2","1","H"
"14825","02-11-24 16:00","England","Premier League","2024/2025","Ipswich","Leicester","Tim Robinson","1","1","D"
"14826","02-11-24 16:00","England","Premier League","2024/2025","Liverpool","Brighton","Tony Harrington","2","1","H"
"14827","02-11-24 16:00","England","Premier League","2024/2025","Nottingham","West Ham","Peter Bankes","3","0","H"
"14828","02-11-24 16:00","England","Premier League","2024/2025","Southampton","Everton","Andy Madley","1","0","H"
"14829","02-11-24 13:30","England","Premier League","2024/2025","Newcastle","Arsenal","John Brooks","1","0","H"
"14830","27-10-24 17:30","England","Premier League","2024/2025","Arsenal","Liverpool","Anthony Taylor","2","2","D"
"14831","27-10-24 15:00","England","Premier League","2024/2025","Chelsea","Newcastle","Simon Hooper","2","1","H"
"14832","27-10-24 15:00","England","Premier League","2024/2025","Crystal Palace","Tottenham","Darren Bond","1","0","H"
"14833","27-10-24 15:00","England","Premier League","2024/2025","West Ham","Manchester Utd","David Coote","2","1","H"
"14834","26-10-24 18:30","England","Premier League","2024/2025","Everton","Fulham","John Brooks","1","1","D"
"14835","26-10-24 16:00","England","Premier League","2024/2025","Aston Villa","Bournemouth","Chris Kavanagh","1","1","D"
"14836","26-10-24 16:00","England","Premier League","2024/2025","Brentford","Ipswich","Lewis Smith","4","3","H"
"14837","26-10-24 16:00","England","Premier League","2024/2025","Brighton","Wolves","Michael Oliver","2","2","D"
"14838","26-10-24 16:00","England","Premier League","2024/2025","Manchester City","Southampton","Tony Harrington","1","0","H"
"14839","25-10-24 21:00","England","Premier League","2024/2025","Leicester","Nottingham","Craig Pawson","1","3","A"
"14840","21-10-24 21:00","England","Premier League","2024/2025","Nottingham","Crystal Palace","Tim Robinson","1","0","H"
"14841","20-10-24 17:30","England","Premier League","2024/2025","Liverpool","Chelsea","John Brooks","2","1","H"
"14842","20-10-24 15:00","England","Premier League","2024/2025","Wolves","Manchester City","Chris Kavanagh","1","2","A"
"14843","19-10-24 18:30","England","Premier League","2024/2025","Bournemouth","Arsenal","Robert Jones","2","0","H"
"14844","19-10-24 16:00","England","Premier League","2024/2025","Fulham","Aston Villa","Darren England","1","3","A"
"14845","19-10-24 16:00","England","Premier League","2024/2025","Ipswich","Everton","Michael Oliver","0","2","A"
"14846","19-10-24 16:00","England","Premier League","2024/2025","Manchester Utd","Brentford","Samuel Barrott","2","1","H"
"14847","19-10-24 16:00","England","Premier League","2024/2025","Newcastle","Brighton","Peter Bankes","0","1","A"
"14848","19-10-24 16:00","England","Premier League","2024/2025","Southampton","Leicester","Anthony Taylor","2","3","A"
"14849","19-10-24 13:30","England","Premier League","2024/2025","Tottenham","West Ham","Andy Madley","4","1","H"
"14850","06-10-24 17:30","England","Premier League","2024/2025","Brighton","Tottenham","David Coote","3","2","H"
"14851","06-10-24 15:00","England","Premier League","2024/2025","Aston Villa","Manchester Utd","Robert Jones","0","0","D"
"14852","06-10-24 15:00","England","Premier League","2024/2025","Chelsea","Nottingham","Chris Kavanagh","1","1","D"
"14853","05-10-24 18:30","England","Premier League","2024/2025","Everton","Newcastle","Craig Pawson","0","0","D"
"14854","05-10-24 16:00","England","Premier League","2024/2025","Arsenal","Southampton","Tony Harrington","3","1","H"
"14855","05-10-24 16:00","England","Premier League","2024/2025","Brentford","Wolves","Andy Madley","5","3","H"
"14856","05-10-24 16:00","England","Premier League","2024/2025","Leicester","Bournemouth","Darren Bond","1","0","H"
"14857","05-10-24 16:00","England","Premier League","2024/2025","Manchester City","Fulham","Peter Bankes","3","2","H"
"14858","05-10-24 16:00","England","Premier League","2024/2025","West Ham","Ipswich","Anthony Taylor","4","1","H"
"14859","05-10-24 13:30","England","Premier League","2024/2025","Crystal Palace","Liverpool","Simon Hooper","0","1","A"
"14860","30-09-24 21:00","England","Premier League","2024/2025","Bournemouth","Southampton","Michael Oliver","3","1","H"
"14861","29-09-24 17:30","England","Premier League","2024/2025","Manchester Utd","Tottenham","Chris Kavanagh","0","3","A"
"14862","29-09-24 15:00","England","Premier League","2024/2025","Ipswich","Aston Villa","Stuart Attwell","2","2","D"
"14863","28-09-24 18:30","England","Premier League","2024/2025","Wolves","Liverpool","Anthony Taylor","1","2","A"
"14864","28-09-24 16:00","England","Premier League","2024/2025","Arsenal","Leicester","Samuel Barrott","4","2","H"
"14865","28-09-24 16:00","England","Premier League","2024/2025","Brentford","West Ham","Simon Hooper","1","1","D"
"14866","28-09-24 16:00","England","Premier League","2024/2025","Chelsea","Brighton","Peter Bankes","4","2","H"
"14867","28-09-24 16:00","England","Premier League","2024/2025","Everton","Crystal Palace","Andy Madley","2","1","H"
"14868","28-09-24 16:00","England","Premier League","2024/2025","Nottingham","Fulham","Josh Smith","0","1","A"
"14869","28-09-24 13:30","England","Premier League","2024/2025","Newcastle","Manchester City","Jarred Gillett","1","1","D"
"14870","22-09-24 17:30","England","Premier League","2024/2025","Manchester City","Arsenal","Michael Oliver","2","2","D"
"14871","22-09-24 15:00","England","Premier League","2024/2025","Brighton","Nottingham","Robert Jones","2","2","D"
"14872","21-09-24 18:30","England","Premier League","2024/2025","Crystal Palace","Manchester Utd","David Coote","0","0","D"
"14873","21-09-24 16:00","England","Premier League","2024/2025","Aston Villa","Wolves","Tim Robinson","3","1","H"
"14874","21-09-24 16:00","England","Premier League","2024/2025","Fulham","Newcastle","Peter Bankes","3","1","H"
"14875","21-09-24 16:00","England","Premier League","2024/2025","Leicester","Everton","Darren England","1","1","D"
"14876","21-09-24 16:00","England","Premier League","2024/2025","Liverpool","Bournemouth","Tony Harrington","3","0","H"
"14877","21-09-24 16:00","England","Premier League","2024/2025","Southampton","Ipswich","Sam Allison","1","1","D"
"14878","21-09-24 16:00","England","Premier League","2024/2025","Tottenham","Brentford","John Brooks","3","1","H"
"14879","21-09-24 13:30","England","Premier League","2024/2025","West Ham","Chelsea","Samuel Barrott","0","3","A"
"14880","15-09-24 17:30","England","Premier League","2024/2025","Wolves","Newcastle","Chris Kavanagh","1","2","A"
"14881","15-09-24 15:00","England","Premier League","2024/2025","Tottenham","Arsenal","Jarred Gillett","0","1","A"
"14882","14-09-24 21:00","England","Premier League","2024/2025","Bournemouth","Chelsea","Anthony Taylor","0","1","A"
"14883","14-09-24 18:30","England","Premier League","2024/2025","Aston Villa","Everton","Craig Pawson","3","2","H"
"14884","14-09-24 16:00","England","Premier League","2024/2025","Brighton","Ipswich","Samuel Barrott","0","0","D"
"14885","14-09-24 16:00","England","Premier League","2024/2025","Crystal Palace","Leicester","Tony Harrington","2","2","D"
"14886","14-09-24 16:00","England","Premier League","2024/2025","Fulham","West Ham","Tim Robinson","1","1","D"
"14887","14-09-24 16:00","England","Premier League","2024/2025","Liverpool","Nottingham","Michael Oliver","0","1","A"
"14888","14-09-24 16:00","England","Premier League","2024/2025","Manchester City","Brentford","Darren Bond","2","1","H"
"14889","14-09-24 13:30","England","Premier League","2024/2025","Southampton","Manchester Utd","Stuart Attwell","0","3","A"
"14890","01-09-24 17:00","England","Premier League","2024/2025","Manchester Utd","Liverpool","Anthony Taylor","0","3","A"
"14891","01-09-24 14:30","England","Premier League","2024/2025","Chelsea","Crystal Palace","Jarred Gillett","1","1","D"
"14892","01-09-24 14:30","England","Premier League","2024/2025","Newcastle","Tottenham","Robert Jones","2","1","H"
"14893","31-08-24 18:30","England","Premier League","2024/2025","West Ham","Manchester City","Michael Oliver","1","3","A"
"14894","31-08-24 16:00","England","Premier League","2024/2025","Brentford","Southampton","Josh Smith","3","1","H"
"14895","31-08-24 16:00","England","Premier League","2024/2025","Everton","Bournemouth","Stuart Attwell","2","3","A"
"14896","31-08-24 16:00","England","Premier League","2024/2025","Ipswich","Fulham","Lewis Smith","1","1","D"
"14897","31-08-24 16:00","England","Premier League","2024/2025","Leicester","Aston Villa","David Coote","1","2","A"
"14898","31-08-24 16:00","England","Premier League","2024/2025","Nottingham","Wolves","Simon Hooper","1","1","D"
"14899","31-08-24 13:30","England","Premier League","2024/2025","Arsenal","Brighton","Chris Kavanagh","1","1","D"
"14900","25-08-24 17:30","England","Premier League","2024/2025","Liverpool","Brentford","Stuart Attwell","2","0","H"
"14901","25-08-24 15:00","England","Premier League","2024/2025","Bournemouth","Newcastle","David Coote","1","1","D"
"14902","25-08-24 15:00","England","Premier League","2024/2025","Wolves","Chelsea","Darren England","2","6","A"
"14903","24-08-24 18:30","England","Premier League","2024/2025","Aston Villa","Arsenal","Michael Oliver","0","2","A"
"14904","24-08-24 16:00","England","Premier League","2024/2025","Crystal Palace","West Ham","Robert Jones","0","2","A"
"14905","24-08-24 16:00","England","Premier League","2024/2025","Fulham","Leicester","Darren Bond","2","1","H"
"14906","24-08-24 16:00","England","Premier League","2024/2025","Manchester City","Ipswich","Sam Allison","4","1","H"
"14907","24-08-24 16:00","England","Premier League","2024/2025","Southampton","Nottingham","Samuel Barrott","0","1","A"
"14908","24-08-24 16:00","England","Premier League","2024/2025","Tottenham","Everton","Anthony Taylor","4","0","H"
"14909","24-08-24 13:30","England","Premier League","2024/2025","Brighton","Manchester Utd","Craig Pawson","2","1","H"
"14910","19-08-24 21:00","England","Premier League","2024/2025","Leicester","Tottenham","Chris Kavanagh","1","1","D"
"14911","18-08-24 17:30","England","Premier League","2024/2025","Chelsea","Manchester City","Anthony Taylor","0","2","A"
"14912","18-08-24 15:00","England","Premier League","2024/2025","Brentford","Crystal Palace","Samuel Barrott","2","1","H"
"14913","17-08-24 18:30","England","Premier League","2024/2025","West Ham","Aston Villa","Tony Harrington","1","2","A"
"14914","17-08-24 16:00","England","Premier League","2024/2025","Arsenal","Wolves","Jarred Gillett","2","0","H"
"14915","17-08-24 16:00","England","Premier League","2024/2025","Everton","Brighton","Simon Hooper","0","3","A"
"14916","17-08-24 16:00","England","Premier League","2024/2025","Newcastle","Southampton","Craig Pawson","1","0","H"
"14917","17-08-24 16:00","England","Premier League","2024/2025","Nottingham","Bournemouth","Michael Oliver","1","1","D"
"14918","17-08-24 13:30","England","Premier League","2024/2025","Ipswich","Liverpool","Tim Robinson","0","2","A"
"14919","16-08-24 21:00","England","Premier League","2024/2025","Manchester Utd","Fulham","Robert Jones","1","0","H"